{"cameraMode":{"drawMode":0,"name":"Shaded","section":"Shading Mode"},"sceneLighting":true,"audioPlay":false,"sceneViewState":{"m_AlwaysRefresh":false,"showFog":true,"showSkybox":true,"showFlares":true,"showImageEffects":true,"showParticleSystems":true,"showVisualEffectGraphs":true,"m_FxEnabled":true},"in2DMode":false,"pivot":{"x":256.29998779296877,"y":20.200000762939454,"z":-0.19999980926513673},"rotation":{"x":-0.0007354639819823206,"y":0.9961308836936951,"z":-0.08748499304056168,"w":-0.008371245115995407},"size":0.8660253882408142,"orthographic":true}